sku,category,brand,base_price,cost_ratio
SKU00000,Menswear,UrbanAce,2536.35,0.565
SKU00001,Menswear,RoyalOak,942.23,0.495
SKU00002,Womenswear,VelvetSky,1838.81,0.462
SKU00003,Beauty,PureSkin,969.14,0.462
SKU00004,Footwear,Stride,4296.71,0.454
SKU00005,Womenswear,VelvetSky,1547.26,0.515
SKU00006,Footwear,FleetStep,2985.95,0.562
SKU00007,Menswear,RoyalOak,2834.94,0.531
SKU00008,Menswear,NorthBay,2131.18,0.524
SKU00009,Womenswear,Zivora,2476.71,0.627
SKU00010,Accessories,NovaBag,1854.43,0.562
SKU00011,Womenswear,FabMuse,1327.67,0.568
SKU00012,Womenswear,Aurelia,2242.15,0.628
SKU00013,Womenswear,VelvetSky,982.42,0.677
SKU00014,Womenswear,Zivora,1716.73,0.67
SKU00015,Footwear,FleetStep,3811.85,0.585
SKU00016,Accessories,Knot&Key,1400.07,0.538
SKU00017,Menswear,NorthBay,1775.56,0.686
SKU00018,Menswear,RoyalOak,1747.06,0.624
SKU00019,Accessories,NovaBag,1153.55,0.52
SKU00020,Beauty,PureSkin,969.51,0.47
SKU00021,Menswear,UrbanAce,1671.34,0.473
SKU00022,Accessories,Knot&Key,853.13,0.628
SKU00023,Accessories,Knot&Key,956.45,0.484
SKU00024,Menswear,UrbanAce,2036.04,0.696
SKU00025,Footwear,Stride,4139.26,0.535
SKU00026,Menswear,RoyalOak,2697.28,0.684
SKU00027,Accessories,Knot&Key,1426.95,0.49
SKU00028,Footwear,FleetStep,1614.74,0.495
SKU00029,Menswear,RoyalOak,2279.99,0.516
SKU00030,Womenswear,Aurelia,2463.12,0.611
SKU00031,Footwear,Stride,1981.7,0.494
SKU00032,Beauty,Glowly,628.98,0.588
SKU00033,Footwear,Comfi,2346.84,0.492
SKU00034,Footwear,TrailRun,1245.46,0.54
SKU00035,Womenswear,Aurelia,2290.53,0.523
SKU00036,Accessories,ShadesUp,307.81,0.499
SKU00037,Womenswear,Aurelia,2151.85,0.595
SKU00038,Womenswear,Zivora,1062.57,0.46
SKU00039,Menswear,Gridline,1995.71,0.471
SKU00040,Womenswear,VelvetSky,1498.3,0.629
SKU00041,Womenswear,VelvetSky,1259.41,0.659
SKU00042,Accessories,NovaBag,706.64,0.496
SKU00043,Beauty,Glowly,744.48,0.512
SKU00044,Menswear,UrbanAce,1616.95,0.695
SKU00045,Womenswear,VelvetSky,965.32,0.55
SKU00046,Footwear,Stride,1052.57,0.585
SKU00047,Accessories,Knot&Key,1294.82,0.594
SKU00048,Menswear,RoyalOak,2602.53,0.613
SKU00049,Womenswear,Zivora,916.91,0.468
SKU00050,Menswear,NorthBay,1614.31,0.537
SKU00051,Beauty,TintUp,1174.8,0.652
SKU00052,Beauty,TintUp,929.43,0.51
SKU00053,Footwear,TrailRun,4157.94,0.53
SKU00054,Beauty,Glowly,1442.84,0.619
SKU00055,Menswear,NorthBay,1840.74,0.638
SKU00056,Accessories,NovaBag,1992.08,0.634
SKU00057,Footwear,TrailRun,3664.29,0.471
SKU00058,Accessories,Timely,1171.65,0.595
SKU00059,Beauty,Herbalix,688.14,0.471
SKU00060,Accessories,Timely,1037.57,0.551
SKU00061,Footwear,Comfi,3271.24,0.691
SKU00062,Menswear,UrbanAce,2008.58,0.589
SKU00063,Menswear,RoyalOak,2984.23,0.581
SKU00064,Footwear,FleetStep,3438.24,0.679
SKU00065,Beauty,TintUp,443.56,0.566
SKU00066,Menswear,NorthBay,1655.72,0.52
SKU00067,Menswear,UrbanAce,1240.5,0.631
SKU00068,Footwear,FleetStep,2929.56,0.644
SKU00069,Menswear,Gridline,2146.67,0.66
SKU00070,Menswear,Gridline,927.71,0.637
SKU00071,Beauty,PureSkin,784.71,0.482
SKU00072,Beauty,Glowly,548.27,0.456
SKU00073,Menswear,NorthBay,1991.34,0.669
SKU00074,Menswear,RoyalOak,1782.13,0.676
SKU00075,Footwear,FleetStep,2371.85,0.537
SKU00076,Footwear,Comfi,2831.61,0.565
SKU00077,Accessories,NovaBag,1136.45,0.608
SKU00078,Womenswear,FabMuse,1712.35,0.495
SKU00079,Accessories,NovaBag,591.94,0.46
SKU00080,Womenswear,VelvetSky,1389.95,0.674
SKU00081,Womenswear,Aurelia,1972.67,0.668
SKU00082,Beauty,Glowly,1481.13,0.584
SKU00083,Beauty,Herbalix,246.69,0.513
SKU00084,Accessories,ShadesUp,1773.27,0.549
SKU00085,Womenswear,FabMuse,1440.38,0.48
SKU00086,Beauty,TintUp,958.46,0.634
SKU00087,Footwear,Comfi,1992.22,0.593
SKU00088,Menswear,UrbanAce,2859.75,0.572
SKU00089,Accessories,Timely,435.4,0.553
SKU00090,Beauty,PureSkin,1466.59,0.573
SKU00091,Accessories,Timely,774.96,0.497
SKU00092,Menswear,Gridline,2445.12,0.472
SKU00093,Footwear,TrailRun,1180.38,0.466
SKU00094,Beauty,Glowly,350.7,0.568
SKU00095,Footwear,TrailRun,3906.17,0.633
SKU00096,Beauty,TintUp,1214.97,0.657
SKU00097,Accessories,Knot&Key,1429.84,0.54
SKU00098,Beauty,Glowly,1010.33,0.585
SKU00099,Menswear,UrbanAce,2788.11,0.606
SKU00100,Womenswear,Aurelia,1364.79,0.574
SKU00101,Accessories,ShadesUp,721.43,0.458
SKU00102,Footwear,FleetStep,1359.21,0.564
SKU00103,Footwear,TrailRun,1801.38,0.61
SKU00104,Accessories,Knot&Key,1929.43,0.507
SKU00105,Menswear,NorthBay,1221.04,0.455
SKU00106,Beauty,TintUp,1045.78,0.643
SKU00107,Menswear,UrbanAce,2445.53,0.478
SKU00108,Beauty,Herbalix,494.61,0.602
SKU00109,Menswear,UrbanAce,2584.99,0.584
SKU00110,Beauty,Herbalix,241.7,0.678
SKU00111,Womenswear,Zivora,1646.23,0.608
SKU00112,Womenswear,Zivora,1674.8,0.584
SKU00113,Womenswear,FabMuse,1811.15,0.501
SKU00114,Womenswear,Zivora,1441.13,0.582
SKU00115,Footwear,Stride,1542.34,0.687
SKU00116,Menswear,NorthBay,2004.81,0.667
SKU00117,Menswear,UrbanAce,1384.26,0.65
SKU00118,Womenswear,Zivora,1745.43,0.652
SKU00119,Beauty,TintUp,215.9,0.471
SKU00120,Womenswear,FabMuse,1007.72,0.606
SKU00121,Menswear,Gridline,2138.62,0.588
SKU00122,Menswear,RoyalOak,2945.55,0.696
SKU00123,Menswear,RoyalOak,946.19,0.514
SKU00124,Womenswear,FabMuse,1515.9,0.656
SKU00125,Footwear,FleetStep,2938.62,0.502
SKU00126,Womenswear,Zivora,1247.26,0.574
SKU00127,Footwear,Stride,2815.21,0.635
SKU00128,Womenswear,VelvetSky,2109.68,0.63
SKU00129,Footwear,FleetStep,4277.9,0.458
SKU00130,Menswear,Gridline,2676.46,0.569
SKU00131,Menswear,RoyalOak,1939.53,0.655
SKU00132,Accessories,Knot&Key,833.81,0.691
SKU00133,Accessories,NovaBag,1783.01,0.652
SKU00134,Footwear,FleetStep,4160.77,0.463
SKU00135,Footwear,Comfi,1631.01,0.458
SKU00136,Accessories,NovaBag,1651.08,0.464
SKU00137,Menswear,Gridline,976.72,0.469
SKU00138,Accessories,Knot&Key,1665.76,0.615
SKU00139,Accessories,NovaBag,340.48,0.455
SKU00140,Beauty,Glowly,267.49,0.472
SKU00141,Womenswear,VelvetSky,1865.76,0.555
SKU00142,Accessories,Timely,1748.8,0.597
SKU00143,Menswear,UrbanAce,1797.32,0.687
SKU00144,Accessories,ShadesUp,1320.36,0.697
SKU00145,Accessories,Knot&Key,1332.15,0.508
SKU00146,Womenswear,Aurelia,861.44,0.504
SKU00147,Footwear,Comfi,2385.85,0.488
SKU00148,Accessories,Timely,1820.37,0.564
SKU00149,Menswear,Gridline,2765.37,0.614
SKU00150,Footwear,TrailRun,1016.79,0.583
SKU00151,Beauty,TintUp,823.76,0.598
SKU00152,Accessories,Knot&Key,1546.65,0.667
SKU00153,Womenswear,FabMuse,2273.4,0.605
SKU00154,Accessories,ShadesUp,1793.42,0.655
SKU00155,Womenswear,FabMuse,1072.29,0.522
SKU00156,Footwear,Stride,2317.43,0.482
SKU00157,Menswear,Gridline,2921.28,0.476
SKU00158,Beauty,TintUp,1120.14,0.568
SKU00159,Womenswear,VelvetSky,876.76,0.483
SKU00160,Accessories,ShadesUp,1690.94,0.45
SKU00161,Womenswear,Aurelia,2494.11,0.623
SKU00162,Womenswear,Aurelia,2112.8,0.458
SKU00163,Accessories,ShadesUp,765.17,0.552
SKU00164,Beauty,PureSkin,930.58,0.568
SKU00165,Footwear,Comfi,3717.09,0.64
SKU00166,Footwear,Comfi,4385.29,0.45
SKU00167,Footwear,FleetStep,1700.84,0.595
SKU00168,Menswear,RoyalOak,2966.14,0.549
SKU00169,Beauty,Herbalix,250.5,0.57
SKU00170,Womenswear,Zivora,973.75,0.537
SKU00171,Accessories,Timely,895.07,0.47
SKU00172,Menswear,NorthBay,1320.8,0.618
SKU00173,Beauty,Glowly,902.69,0.627
SKU00174,Beauty,Herbalix,1058.07,0.588
SKU00175,Footwear,FleetStep,2841.41,0.465
SKU00176,Womenswear,Zivora,1613.77,0.668
SKU00177,Menswear,RoyalOak,2065.26,0.694
SKU00178,Footwear,FleetStep,2463.4,0.494
SKU00179,Beauty,Herbalix,1482.94,0.46
SKU00180,Beauty,TintUp,976.04,0.648
SKU00181,Footwear,TrailRun,1736.32,0.633
SKU00182,Womenswear,VelvetSky,1488.03,0.553
SKU00183,Womenswear,Zivora,1219.29,0.598
SKU00184,Womenswear,FabMuse,1329.65,0.6
SKU00185,Menswear,Gridline,1394.71,0.534
SKU00186,Accessories,NovaBag,728.3,0.545
SKU00187,Footwear,TrailRun,3953.6,0.667
SKU00188,Womenswear,Zivora,857.12,0.61
SKU00189,Womenswear,Zivora,2386.59,0.697
SKU00190,Beauty,PureSkin,529.49,0.58
SKU00191,Menswear,NorthBay,961.94,0.618
SKU00192,Beauty,Glowly,530.9,0.615
SKU00193,Beauty,PureSkin,940.79,0.458
SKU00194,Beauty,Herbalix,1066.06,0.594
SKU00195,Menswear,NorthBay,1000.25,0.646
SKU00196,Footwear,Stride,3677.17,0.675
SKU00197,Beauty,PureSkin,206.49,0.531
SKU00198,Menswear,Gridline,1697.88,0.561
SKU00199,Womenswear,FabMuse,1824.86,0.666
SKU00200,Footwear,FleetStep,1380.21,0.512
SKU00201,Menswear,Gridline,2606.27,0.499
SKU00202,Womenswear,FabMuse,920.18,0.57
SKU00203,Womenswear,Aurelia,1624.98,0.585
SKU00204,Menswear,RoyalOak,1738.8,0.481
SKU00205,Accessories,ShadesUp,1263.43,0.691
SKU00206,Menswear,Gridline,1683.37,0.609
SKU00207,Footwear,Comfi,3137.43,0.675
SKU00208,Menswear,NorthBay,1533.33,0.652
SKU00209,Accessories,Timely,1551.69,0.504
SKU00210,Womenswear,VelvetSky,1329.86,0.608
SKU00211,Womenswear,Zivora,2478.24,0.629
SKU00212,Accessories,ShadesUp,872.29,0.643
SKU00213,Menswear,UrbanAce,1301.92,0.467
SKU00214,Footwear,FleetStep,3239.59,0.62
SKU00215,Womenswear,Aurelia,1365.1,0.633
SKU00216,Menswear,RoyalOak,1085.41,0.493
SKU00217,Menswear,NorthBay,2486.94,0.682
SKU00218,Womenswear,VelvetSky,2455.08,0.618
SKU00219,Womenswear,Aurelia,950.51,0.627
SKU00220,Womenswear,Zivora,1185.51,0.577
SKU00221,Accessories,Timely,1861.97,0.698
SKU00222,Accessories,Timely,1366.52,0.583
SKU00223,Accessories,ShadesUp,984.07,0.624
SKU00224,Menswear,RoyalOak,2857.73,0.602
SKU00225,Womenswear,VelvetSky,2099.18,0.542
SKU00226,Womenswear,Aurelia,1659.38,0.599
SKU00227,Beauty,TintUp,1004.46,0.613
SKU00228,Womenswear,FabMuse,1758.55,0.605
SKU00229,Menswear,Gridline,1197.72,0.623
SKU00230,Womenswear,VelvetSky,1875.42,0.614
SKU00231,Accessories,Timely,629.86,0.554
SKU00232,Accessories,NovaBag,526.47,0.648
SKU00233,Footwear,TrailRun,1752.21,0.694
SKU00234,Accessories,NovaBag,1397.35,0.517
SKU00235,Womenswear,Aurelia,1054.08,0.549
SKU00236,Menswear,UrbanAce,1178.6,0.652
SKU00237,Womenswear,Zivora,2228.48,0.615
SKU00238,Beauty,TintUp,336.4,0.697
SKU00239,Menswear,RoyalOak,1077.06,0.453
SKU00240,Beauty,Glowly,1424.01,0.646
SKU00241,Menswear,NorthBay,2285.64,0.471
SKU00242,Beauty,PureSkin,212.56,0.514
SKU00243,Menswear,UrbanAce,2012.63,0.523
SKU00244,Beauty,Herbalix,402.63,0.461
SKU00245,Womenswear,Aurelia,1180.85,0.686
SKU00246,Womenswear,Zivora,1948.17,0.529
SKU00247,Beauty,TintUp,1293.6,0.632
SKU00248,Accessories,Knot&Key,756.86,0.632
SKU00249,Womenswear,Zivora,2033.17,0.633
SKU00250,Footwear,Stride,1369.76,0.594
SKU00251,Beauty,Glowly,1143.4,0.698
SKU00252,Womenswear,VelvetSky,2294.69,0.604
SKU00253,Accessories,Knot&Key,1592.68,0.636
SKU00254,Womenswear,Aurelia,2088.75,0.576
SKU00255,Womenswear,FabMuse,1561.64,0.553
SKU00256,Accessories,NovaBag,958.05,0.669
SKU00257,Footwear,TrailRun,2964.2,0.619
SKU00258,Accessories,ShadesUp,552.3,0.636
SKU00259,Beauty,Glowly,625.65,0.559
SKU00260,Womenswear,VelvetSky,905.32,0.493
SKU00261,Footwear,Comfi,2433.67,0.593
SKU00262,Footwear,Stride,1577.53,0.597
SKU00263,Accessories,ShadesUp,1029.42,0.66
SKU00264,Womenswear,Zivora,1538.81,0.676
SKU00265,Beauty,TintUp,374.96,0.638
SKU00266,Footwear,Comfi,1155.08,0.519
SKU00267,Accessories,Timely,1619.41,0.572
SKU00268,Womenswear,VelvetSky,1852.49,0.472
SKU00269,Womenswear,VelvetSky,1927.44,0.555
SKU00270,Menswear,UrbanAce,2956.06,0.535
SKU00271,Menswear,UrbanAce,1632.96,0.513
SKU00272,Accessories,ShadesUp,985.76,0.648
SKU00273,Footwear,FleetStep,2695.44,0.662
SKU00274,Footwear,FleetStep,3621.49,0.478
SKU00275,Menswear,Gridline,2550.18,0.533
SKU00276,Accessories,Timely,573.75,0.687
SKU00277,Footwear,Comfi,1227.22,0.585
SKU00278,Menswear,NorthBay,1847.56,0.499
SKU00279,Womenswear,VelvetSky,1287.13,0.549
SKU00280,Beauty,TintUp,996.52,0.541
SKU00281,Beauty,PureSkin,1361.19,0.614
SKU00282,Womenswear,VelvetSky,2156.61,0.53
SKU00283,Beauty,Glowly,1345.51,0.557
SKU00284,Womenswear,FabMuse,1966.66,0.545
SKU00285,Beauty,TintUp,607.66,0.568
SKU00286,Accessories,Knot&Key,1794.7,0.511
SKU00287,Womenswear,Aurelia,970.08,0.637
SKU00288,Footwear,Comfi,3820.69,0.458
SKU00289,Accessories,Timely,596.3,0.507
SKU00290,Accessories,ShadesUp,665.4,0.467
SKU00291,Accessories,NovaBag,1601.31,0.616
SKU00292,Menswear,UrbanAce,899.4,0.507
SKU00293,Menswear,NorthBay,2950.28,0.635
SKU00294,Beauty,PureSkin,1108.11,0.66
SKU00295,Beauty,Herbalix,1333.58,0.478
SKU00296,Accessories,NovaBag,1263.19,0.656
SKU00297,Womenswear,Zivora,1308.86,0.617
SKU00298,Footwear,Stride,2858.61,0.557
SKU00299,Menswear,NorthBay,1994.04,0.479
SKU00300,Womenswear,Zivora,854.5,0.624
SKU00301,Womenswear,Aurelia,1537.81,0.602
SKU00302,Footwear,Comfi,3366.49,0.647
SKU00303,Beauty,TintUp,1023.34,0.468
SKU00304,Womenswear,Zivora,866.6,0.563
SKU00305,Menswear,Gridline,2181.64,0.451
SKU00306,Womenswear,Aurelia,2215.64,0.505
SKU00307,Menswear,NorthBay,1732.73,0.536
SKU00308,Footwear,Stride,1155.99,0.491
SKU00309,Menswear,Gridline,2804.98,0.656
SKU00310,Beauty,Herbalix,1277.46,0.46
SKU00311,Beauty,Herbalix,356.33,0.555
SKU00312,Accessories,NovaBag,1000.55,0.612
SKU00313,Beauty,Glowly,1334.81,0.631
SKU00314,Womenswear,Aurelia,1699.99,0.583
SKU00315,Menswear,Gridline,990.85,0.632
SKU00316,Footwear,Comfi,2412.64,0.665
SKU00317,Footwear,Comfi,4000.47,0.53
SKU00318,Footwear,FleetStep,2374.41,0.491
SKU00319,Footwear,Stride,1539.61,0.609
SKU00320,Menswear,Gridline,2150.58,0.66
SKU00321,Footwear,FleetStep,1490.94,0.576
SKU00322,Beauty,TintUp,713.06,0.528
SKU00323,Womenswear,Zivora,1290.72,0.672
SKU00324,Footwear,Comfi,3123.07,0.693
SKU00325,Accessories,NovaBag,1594.23,0.56
SKU00326,Menswear,RoyalOak,1271.06,0.658
SKU00327,Footwear,Stride,2553.15,0.55
SKU00328,Beauty,TintUp,1149.06,0.487
SKU00329,Accessories,NovaBag,1845.07,0.583
SKU00330,Beauty,Glowly,805.82,0.459
SKU00331,Beauty,PureSkin,964.35,0.544
SKU00332,Menswear,UrbanAce,1825.57,0.631
SKU00333,Beauty,PureSkin,1441.86,0.5
SKU00334,Womenswear,VelvetSky,804.39,0.514
SKU00335,Womenswear,FabMuse,1864.21,0.631
SKU00336,Accessories,Timely,865.79,0.582
SKU00337,Accessories,ShadesUp,799.85,0.634
SKU00338,Accessories,NovaBag,1696.28,0.671
SKU00339,Accessories,ShadesUp,991.82,0.467
SKU00340,Menswear,Gridline,2110.79,0.667
SKU00341,Accessories,NovaBag,384.38,0.551
SKU00342,Menswear,RoyalOak,1741.74,0.456
SKU00343,Footwear,TrailRun,4425.43,0.612
SKU00344,Womenswear,Zivora,2022.65,0.609
SKU00345,Footwear,FleetStep,3812.85,0.486
SKU00346,Accessories,Timely,1699.42,0.518
SKU00347,Menswear,UrbanAce,1972.37,0.466
SKU00348,Accessories,NovaBag,1881.51,0.482
SKU00349,Footwear,FleetStep,4120.55,0.544
SKU00350,Beauty,Glowly,1296.52,0.619
SKU00351,Womenswear,Zivora,2011.18,0.626
SKU00352,Menswear,UrbanAce,2231.11,0.546
SKU00353,Beauty,PureSkin,267.06,0.642
SKU00354,Menswear,UrbanAce,2410.27,0.612
SKU00355,Accessories,ShadesUp,1406.79,0.529
SKU00356,Footwear,Stride,3026.11,0.617
SKU00357,Accessories,Timely,323.98,0.534
SKU00358,Womenswear,VelvetSky,2412.04,0.517
SKU00359,Accessories,NovaBag,829.17,0.643
SKU00360,Footwear,FleetStep,1266.35,0.495
SKU00361,Menswear,RoyalOak,2522.6,0.45
SKU00362,Menswear,RoyalOak,2745.44,0.602
SKU00363,Menswear,UrbanAce,1535.12,0.571
SKU00364,Accessories,ShadesUp,705.57,0.613
SKU00365,Footwear,Comfi,1787.83,0.606
SKU00366,Accessories,NovaBag,1839.92,0.611
SKU00367,Accessories,ShadesUp,1812.24,0.466
SKU00368,Womenswear,Zivora,1644.43,0.64
SKU00369,Menswear,NorthBay,1059.1,0.587
SKU00370,Menswear,NorthBay,2713.32,0.484
SKU00371,Beauty,Herbalix,1435.86,0.699
SKU00372,Accessories,Timely,1861.96,0.503
SKU00373,Womenswear,Aurelia,1122.18,0.58
SKU00374,Beauty,PureSkin,500.65,0.565
SKU00375,Accessories,Knot&Key,319.58,0.539
SKU00376,Beauty,Herbalix,868.09,0.652
SKU00377,Womenswear,FabMuse,848.59,0.549
SKU00378,Beauty,PureSkin,316.94,0.458
SKU00379,Womenswear,FabMuse,1780.11,0.54
SKU00380,Footwear,FleetStep,4409.3,0.638
SKU00381,Womenswear,Zivora,1096.88,0.559
SKU00382,Footwear,TrailRun,1502.35,0.661
SKU00383,Menswear,NorthBay,1899.31,0.497
SKU00384,Menswear,Gridline,2234.69,0.565
SKU00385,Womenswear,FabMuse,2219.9,0.488
SKU00386,Beauty,PureSkin,909.71,0.583
SKU00387,Footwear,Comfi,4404.77,0.526
SKU00388,Womenswear,FabMuse,887.23,0.554
SKU00389,Accessories,Timely,1687.53,0.543
SKU00390,Beauty,Herbalix,393.48,0.545
SKU00391,Menswear,NorthBay,1250.37,0.461
SKU00392,Menswear,RoyalOak,2226.53,0.627
SKU00393,Womenswear,Zivora,2384.97,0.68
SKU00394,Accessories,ShadesUp,387.22,0.503
SKU00395,Footwear,Stride,3543.7,0.574
SKU00396,Menswear,Gridline,1712.2,0.481
SKU00397,Accessories,NovaBag,1497.28,0.587
SKU00398,Beauty,PureSkin,1448.97,0.629
SKU00399,Beauty,TintUp,576.06,0.668
SKU00400,Footwear,Stride,4272.54,0.607
SKU00401,Womenswear,VelvetSky,887.12,0.605
SKU00402,Menswear,UrbanAce,2170.56,0.533
SKU00403,Footwear,TrailRun,4304.57,0.608
SKU00404,Womenswear,FabMuse,2133.96,0.679
SKU00405,Womenswear,Aurelia,1680.79,0.634
SKU00406,Accessories,NovaBag,1328.32,0.635
SKU00407,Footwear,Comfi,3111.73,0.688
SKU00408,Menswear,NorthBay,1860.85,0.626
SKU00409,Menswear,Gridline,2382.92,0.599
SKU00410,Beauty,Glowly,1419.77,0.452
SKU00411,Accessories,Knot&Key,325.17,0.513
SKU00412,Menswear,UrbanAce,2423.02,0.616
SKU00413,Menswear,Gridline,1093.51,0.515
SKU00414,Menswear,UrbanAce,2991.15,0.625
SKU00415,Womenswear,FabMuse,1137.76,0.504
SKU00416,Menswear,RoyalOak,1644.21,0.599
SKU00417,Menswear,Gridline,2589.69,0.5
SKU00418,Footwear,Stride,2019.24,0.502
SKU00419,Accessories,ShadesUp,1431.99,0.564
SKU00420,Footwear,TrailRun,2747.01,0.646
SKU00421,Menswear,Gridline,1831.23,0.464
SKU00422,Menswear,RoyalOak,1489.18,0.681
SKU00423,Womenswear,Zivora,918.84,0.621
SKU00424,Womenswear,Zivora,812.54,0.636
SKU00425,Womenswear,VelvetSky,2140.8,0.539
SKU00426,Footwear,TrailRun,4161.45,0.537
SKU00427,Footwear,Stride,4004.67,0.603
SKU00428,Womenswear,Zivora,1497.86,0.635
SKU00429,Beauty,Glowly,223.87,0.491
SKU00430,Beauty,Herbalix,474.46,0.528
SKU00431,Womenswear,FabMuse,1463.76,0.589
SKU00432,Menswear,NorthBay,2324.85,0.532
SKU00433,Footwear,Stride,1402.88,0.534
SKU00434,Womenswear,Aurelia,1669.88,0.688
SKU00435,Accessories,Timely,1252.15,0.622
SKU00436,Womenswear,Zivora,2042.24,0.501
SKU00437,Womenswear,Aurelia,2144.65,0.567
SKU00438,Womenswear,Aurelia,1900.22,0.57
SKU00439,Womenswear,VelvetSky,2444.71,0.651
SKU00440,Menswear,RoyalOak,988.96,0.602
SKU00441,Accessories,Knot&Key,1503.9,0.504
SKU00442,Footwear,Stride,1332.8,0.595
SKU00443,Menswear,NorthBay,2477.67,0.618
SKU00444,Footwear,Stride,2213.37,0.515
SKU00445,Footwear,Stride,3024.82,0.568
SKU00446,Accessories,Timely,1318.61,0.667
SKU00447,Accessories,ShadesUp,949.76,0.615
SKU00448,Accessories,Knot&Key,1571.0,0.582
SKU00449,Accessories,NovaBag,748.88,0.654
SKU00450,Accessories,ShadesUp,1570.33,0.504
SKU00451,Menswear,NorthBay,2745.29,0.617
SKU00452,Menswear,RoyalOak,1978.82,0.474
SKU00453,Accessories,NovaBag,1997.12,0.637
SKU00454,Accessories,Timely,815.85,0.69
SKU00455,Beauty,Glowly,500.62,0.454
SKU00456,Accessories,Timely,1168.78,0.685
SKU00457,Menswear,UrbanAce,2119.0,0.627
SKU00458,Menswear,RoyalOak,2722.66,0.608
SKU00459,Menswear,UrbanAce,2262.97,0.463
SKU00460,Menswear,NorthBay,2712.65,0.464
SKU00461,Footwear,Stride,1545.72,0.495
SKU00462,Accessories,Timely,402.03,0.456
SKU00463,Womenswear,FabMuse,2223.86,0.55
SKU00464,Womenswear,Zivora,2216.45,0.599
SKU00465,Accessories,NovaBag,1796.65,0.615
SKU00466,Womenswear,Zivora,2458.52,0.481
SKU00467,Womenswear,Zivora,2324.52,0.466
SKU00468,Menswear,Gridline,1730.52,0.588
SKU00469,Accessories,ShadesUp,755.56,0.492
SKU00470,Womenswear,FabMuse,2474.02,0.502
SKU00471,Footwear,Stride,1896.62,0.466
SKU00472,Womenswear,Aurelia,2326.0,0.475
SKU00473,Accessories,ShadesUp,1286.19,0.486
SKU00474,Footwear,Comfi,2545.11,0.629
SKU00475,Menswear,NorthBay,2421.51,0.666
SKU00476,Menswear,Gridline,2080.37,0.581
SKU00477,Menswear,UrbanAce,1913.68,0.552
SKU00478,Menswear,RoyalOak,1978.09,0.578
SKU00479,Accessories,Knot&Key,1238.53,0.615
SKU00480,Womenswear,Aurelia,2252.0,0.676
SKU00481,Footwear,FleetStep,1499.5,0.542
SKU00482,Womenswear,Zivora,2039.09,0.513
SKU00483,Footwear,Comfi,1001.29,0.607
SKU00484,Accessories,Timely,798.71,0.687
SKU00485,Beauty,TintUp,805.19,0.64
SKU00486,Womenswear,Aurelia,2091.72,0.627
SKU00487,Menswear,Gridline,1328.34,0.678
SKU00488,Footwear,TrailRun,1973.65,0.699
SKU00489,Accessories,ShadesUp,1530.82,0.602
SKU00490,Menswear,NorthBay,2181.62,0.613
SKU00491,Womenswear,Aurelia,1950.57,0.455
SKU00492,Accessories,Timely,796.28,0.523
SKU00493,Womenswear,FabMuse,1250.34,0.687
SKU00494,Beauty,TintUp,1080.55,0.586
SKU00495,Menswear,RoyalOak,1553.95,0.515
SKU00496,Menswear,RoyalOak,2967.18,0.491
SKU00497,Womenswear,VelvetSky,1810.86,0.512
SKU00498,Menswear,NorthBay,2258.78,0.479
SKU00499,Beauty,Glowly,722.13,0.671
SKU00500,Beauty,PureSkin,1147.63,0.685
SKU00501,Footwear,Comfi,3571.24,0.573
SKU00502,Menswear,RoyalOak,2226.7,0.461
SKU00503,Womenswear,FabMuse,1918.72,0.675
SKU00504,Menswear,UrbanAce,1072.74,0.469
SKU00505,Menswear,Gridline,1349.86,0.458
SKU00506,Footwear,Comfi,3762.22,0.512
SKU00507,Menswear,NorthBay,2935.42,0.463
SKU00508,Accessories,ShadesUp,533.4,0.674
SKU00509,Accessories,Timely,1668.71,0.502
SKU00510,Womenswear,Zivora,1408.17,0.594
SKU00511,Accessories,NovaBag,500.69,0.621
SKU00512,Footwear,FleetStep,1873.2,0.533
SKU00513,Beauty,Herbalix,1419.03,0.615
SKU00514,Womenswear,FabMuse,1192.52,0.56
SKU00515,Beauty,Herbalix,1054.61,0.468
SKU00516,Menswear,RoyalOak,960.23,0.58
SKU00517,Accessories,ShadesUp,1927.8,0.672
SKU00518,Beauty,PureSkin,608.27,0.461
SKU00519,Accessories,ShadesUp,1714.98,0.661
SKU00520,Menswear,RoyalOak,1950.0,0.519
SKU00521,Beauty,Herbalix,1470.86,0.691
SKU00522,Menswear,UrbanAce,2699.1,0.546
SKU00523,Footwear,Stride,3111.35,0.48
SKU00524,Beauty,PureSkin,1391.02,0.644
SKU00525,Womenswear,VelvetSky,1509.85,0.475
SKU00526,Womenswear,Aurelia,1070.36,0.687
SKU00527,Menswear,UrbanAce,2722.66,0.46
SKU00528,Footwear,FleetStep,4312.65,0.512
SKU00529,Accessories,Knot&Key,766.91,0.518
SKU00530,Beauty,PureSkin,411.34,0.505
SKU00531,Menswear,RoyalOak,2852.84,0.668
SKU00532,Womenswear,VelvetSky,1363.4,0.571
SKU00533,Accessories,Knot&Key,1591.27,0.487
SKU00534,Menswear,RoyalOak,1162.69,0.534
SKU00535,Accessories,ShadesUp,1821.67,0.507
SKU00536,Menswear,NorthBay,2559.09,0.461
SKU00537,Footwear,TrailRun,1946.25,0.489
SKU00538,Beauty,PureSkin,1028.27,0.696
SKU00539,Accessories,ShadesUp,1258.19,0.5
SKU00540,Beauty,PureSkin,879.68,0.513
SKU00541,Menswear,Gridline,1516.54,0.666
SKU00542,Womenswear,Aurelia,1288.31,0.672
SKU00543,Beauty,Glowly,1198.16,0.507
SKU00544,Accessories,Knot&Key,725.84,0.503
SKU00545,Womenswear,Aurelia,875.49,0.533
SKU00546,Menswear,UrbanAce,2593.19,0.618
SKU00547,Accessories,Timely,384.71,0.594
SKU00548,Footwear,Comfi,3938.37,0.666
SKU00549,Womenswear,Aurelia,2014.02,0.648
SKU00550,Footwear,Comfi,1886.72,0.681
SKU00551,Menswear,Gridline,933.11,0.589
SKU00552,Menswear,RoyalOak,2839.93,0.674
SKU00553,Footwear,Comfi,999.11,0.514
SKU00554,Womenswear,FabMuse,2184.97,0.653
SKU00555,Menswear,NorthBay,1715.33,0.474
SKU00556,Womenswear,FabMuse,2459.55,0.566
SKU00557,Menswear,UrbanAce,1744.68,0.483
SKU00558,Footwear,TrailRun,3003.25,0.556
SKU00559,Beauty,PureSkin,774.94,0.604
SKU00560,Accessories,ShadesUp,778.85,0.519
SKU00561,Accessories,Knot&Key,1224.39,0.609
SKU00562,Accessories,Timely,1316.61,0.488
SKU00563,Beauty,TintUp,805.04,0.497
SKU00564,Accessories,Timely,1544.06,0.694
SKU00565,Accessories,Timely,1584.63,0.553
SKU00566,Beauty,PureSkin,1259.5,0.567
SKU00567,Womenswear,Aurelia,1074.27,0.55
SKU00568,Womenswear,VelvetSky,2474.87,0.549
SKU00569,Menswear,UrbanAce,2261.41,0.6
SKU00570,Footwear,FleetStep,1567.88,0.605
SKU00571,Accessories,Knot&Key,1279.87,0.651
SKU00572,Footwear,TrailRun,1518.26,0.59
SKU00573,Beauty,PureSkin,961.61,0.657
SKU00574,Womenswear,FabMuse,2144.4,0.62
SKU00575,Menswear,NorthBay,1271.02,0.579
SKU00576,Footwear,Stride,1520.99,0.535
SKU00577,Beauty,TintUp,1036.14,0.545
SKU00578,Womenswear,FabMuse,1120.78,0.499
SKU00579,Menswear,Gridline,1640.52,0.608
SKU00580,Accessories,NovaBag,578.87,0.454
SKU00581,Menswear,NorthBay,1024.13,0.507
SKU00582,Footwear,TrailRun,1499.36,0.6
SKU00583,Menswear,NorthBay,1913.92,0.576
SKU00584,Womenswear,Zivora,1739.59,0.478
SKU00585,Beauty,PureSkin,258.26,0.686
SKU00586,Accessories,Knot&Key,1653.02,0.62
SKU00587,Womenswear,FabMuse,2481.16,0.589
SKU00588,Womenswear,VelvetSky,1087.78,0.613
SKU00589,Footwear,Comfi,4347.52,0.529
SKU00590,Menswear,UrbanAce,1006.05,0.478
SKU00591,Menswear,RoyalOak,1488.26,0.51
SKU00592,Beauty,Herbalix,994.96,0.454
SKU00593,Womenswear,VelvetSky,2041.48,0.667
SKU00594,Womenswear,Aurelia,2312.23,0.592
SKU00595,Womenswear,VelvetSky,1947.28,0.67
SKU00596,Beauty,Glowly,1109.94,0.597
SKU00597,Beauty,Herbalix,940.37,0.503
SKU00598,Accessories,Knot&Key,1487.88,0.636
SKU00599,Menswear,UrbanAce,2180.23,0.555
SKU00600,Footwear,Stride,2453.3,0.473
SKU00601,Menswear,NorthBay,1265.26,0.588
SKU00602,Menswear,UrbanAce,2247.38,0.597
SKU00603,Menswear,UrbanAce,1801.31,0.495
SKU00604,Menswear,RoyalOak,1706.94,0.467
SKU00605,Accessories,ShadesUp,662.79,0.55
SKU00606,Accessories,ShadesUp,798.01,0.533
SKU00607,Footwear,Stride,3319.6,0.699
SKU00608,Accessories,ShadesUp,396.1,0.45
SKU00609,Beauty,Herbalix,1184.45,0.64
SKU00610,Menswear,RoyalOak,2201.78,0.543
SKU00611,Beauty,PureSkin,1072.22,0.632
SKU00612,Footwear,FleetStep,1514.29,0.609
SKU00613,Menswear,RoyalOak,1316.13,0.638
SKU00614,Beauty,PureSkin,1223.36,0.676
SKU00615,Menswear,Gridline,1564.58,0.665
SKU00616,Accessories,Timely,1749.66,0.463
SKU00617,Footwear,TrailRun,2091.22,0.484
SKU00618,Beauty,Glowly,575.27,0.646
SKU00619,Accessories,NovaBag,727.94,0.492
SKU00620,Womenswear,FabMuse,2430.1,0.619
SKU00621,Footwear,TrailRun,3114.1,0.657
SKU00622,Accessories,Timely,1866.73,0.526
SKU00623,Womenswear,Aurelia,1492.22,0.608
SKU00624,Menswear,Gridline,2712.32,0.699
SKU00625,Beauty,Glowly,875.71,0.56
SKU00626,Beauty,PureSkin,815.21,0.563
SKU00627,Beauty,Herbalix,1265.33,0.612
SKU00628,Menswear,UrbanAce,995.73,0.528
SKU00629,Accessories,NovaBag,646.21,0.505
SKU00630,Womenswear,VelvetSky,1671.06,0.669
SKU00631,Accessories,ShadesUp,892.01,0.605
SKU00632,Accessories,NovaBag,694.48,0.519
SKU00633,Footwear,Comfi,2553.64,0.665
SKU00634,Beauty,PureSkin,615.94,0.591
SKU00635,Menswear,NorthBay,2982.48,0.536
SKU00636,Womenswear,VelvetSky,2420.87,0.698
SKU00637,Beauty,Glowly,577.77,0.554
SKU00638,Menswear,NorthBay,2595.52,0.535
SKU00639,Accessories,Timely,1630.37,0.609
SKU00640,Womenswear,VelvetSky,834.29,0.493
SKU00641,Menswear,UrbanAce,1253.5,0.642
SKU00642,Beauty,PureSkin,853.82,0.67
SKU00643,Beauty,Herbalix,602.4,0.576
SKU00644,Accessories,Knot&Key,981.55,0.505
SKU00645,Womenswear,FabMuse,1264.78,0.495
SKU00646,Menswear,UrbanAce,1956.75,0.569
SKU00647,Menswear,Gridline,1302.23,0.672
SKU00648,Footwear,FleetStep,2965.52,0.605
SKU00649,Accessories,Timely,633.37,0.525
SKU00650,Footwear,Comfi,3656.59,0.568
SKU00651,Menswear,Gridline,2754.74,0.623
SKU00652,Menswear,NorthBay,1655.83,0.502
SKU00653,Footwear,Comfi,2692.51,0.682
SKU00654,Womenswear,VelvetSky,1787.66,0.47
SKU00655,Beauty,Herbalix,1186.77,0.535
SKU00656,Beauty,TintUp,847.96,0.504
SKU00657,Beauty,Herbalix,777.31,0.572
SKU00658,Menswear,NorthBay,1527.39,0.649
SKU00659,Accessories,Knot&Key,1559.77,0.661
SKU00660,Menswear,UrbanAce,1030.26,0.605
SKU00661,Menswear,Gridline,2044.96,0.571
SKU00662,Womenswear,VelvetSky,1702.31,0.691
SKU00663,Footwear,FleetStep,1431.07,0.46
SKU00664,Beauty,PureSkin,1313.05,0.685
SKU00665,Menswear,RoyalOak,2947.36,0.467
SKU00666,Beauty,Herbalix,448.26,0.589
SKU00667,Footwear,Comfi,3717.79,0.558
SKU00668,Womenswear,FabMuse,2140.34,0.637
SKU00669,Accessories,Timely,1919.3,0.683
SKU00670,Footwear,FleetStep,1353.83,0.571
SKU00671,Womenswear,Aurelia,1081.63,0.681
SKU00672,Accessories,Timely,341.1,0.552
SKU00673,Menswear,RoyalOak,1313.87,0.559
SKU00674,Footwear,FleetStep,1477.96,0.547
SKU00675,Menswear,NorthBay,976.1,0.453
SKU00676,Footwear,FleetStep,3353.65,0.52
SKU00677,Menswear,UrbanAce,1056.28,0.499
SKU00678,Footwear,Comfi,2630.89,0.556
SKU00679,Menswear,Gridline,1818.59,0.46
SKU00680,Menswear,NorthBay,2271.95,0.508
SKU00681,Menswear,UrbanAce,2936.16,0.521
SKU00682,Footwear,Stride,1927.23,0.555
SKU00683,Womenswear,Aurelia,2350.76,0.663
SKU00684,Footwear,FleetStep,3601.02,0.624
SKU00685,Womenswear,FabMuse,2384.36,0.552
SKU00686,Beauty,Glowly,1297.46,0.569
SKU00687,Footwear,Comfi,1643.16,0.506
SKU00688,Footwear,Stride,1882.86,0.502
SKU00689,Beauty,Herbalix,243.76,0.561
SKU00690,Accessories,Knot&Key,1377.75,0.48
SKU00691,Beauty,Herbalix,1418.64,0.519
SKU00692,Menswear,RoyalOak,2838.7,0.528
SKU00693,Menswear,NorthBay,1538.43,0.694
SKU00694,Menswear,RoyalOak,2243.8,0.613
SKU00695,Menswear,NorthBay,2176.24,0.465
SKU00696,Menswear,NorthBay,2292.86,0.594
SKU00697,Footwear,FleetStep,2466.67,0.576
SKU00698,Womenswear,VelvetSky,1021.8,0.579
SKU00699,Accessories,NovaBag,1768.42,0.569
SKU00700,Menswear,RoyalOak,2346.15,0.478
SKU00701,Womenswear,VelvetSky,2291.17,0.693
SKU00702,Footwear,TrailRun,3276.92,0.578
SKU00703,Accessories,ShadesUp,864.64,0.536
SKU00704,Beauty,Herbalix,656.45,0.626
SKU00705,Footwear,Stride,1644.05,0.644
SKU00706,Womenswear,FabMuse,1503.49,0.478
SKU00707,Footwear,FleetStep,2668.44,0.673
SKU00708,Menswear,UrbanAce,1019.2,0.673
SKU00709,Menswear,UrbanAce,1492.36,0.464
SKU00710,Footwear,Stride,2251.14,0.479
SKU00711,Beauty,TintUp,1381.47,0.452
SKU00712,Accessories,ShadesUp,1901.03,0.456
SKU00713,Footwear,FleetStep,4482.98,0.583
SKU00714,Menswear,UrbanAce,1170.37,0.518
SKU00715,Womenswear,Zivora,1674.78,0.493
SKU00716,Menswear,Gridline,1402.26,0.649
SKU00717,Menswear,RoyalOak,1370.2,0.612
SKU00718,Footwear,FleetStep,3473.35,0.511
SKU00719,Menswear,Gridline,1680.29,0.667
SKU00720,Womenswear,FabMuse,1818.32,0.531
SKU00721,Beauty,Herbalix,266.15,0.462
SKU00722,Menswear,UrbanAce,999.62,0.641
SKU00723,Footwear,FleetStep,4440.69,0.629
SKU00724,Footwear,TrailRun,2721.32,0.549
SKU00725,Accessories,Timely,526.42,0.468
SKU00726,Womenswear,VelvetSky,1173.15,0.518
SKU00727,Accessories,Knot&Key,963.56,0.689
SKU00728,Accessories,NovaBag,754.25,0.473
SKU00729,Accessories,NovaBag,402.54,0.452
SKU00730,Menswear,RoyalOak,2718.09,0.654
SKU00731,Beauty,Glowly,991.59,0.679
SKU00732,Womenswear,VelvetSky,1532.06,0.631
SKU00733,Womenswear,Aurelia,1872.93,0.528
SKU00734,Womenswear,VelvetSky,1908.21,0.564
SKU00735,Womenswear,FabMuse,979.56,0.611
SKU00736,Accessories,NovaBag,727.07,0.471
SKU00737,Beauty,PureSkin,1232.51,0.491
SKU00738,Womenswear,FabMuse,1629.52,0.559
SKU00739,Womenswear,VelvetSky,1863.29,0.484
SKU00740,Menswear,NorthBay,2623.4,0.593
SKU00741,Beauty,Herbalix,561.87,0.683
SKU00742,Womenswear,Aurelia,926.43,0.473
SKU00743,Accessories,ShadesUp,1969.22,0.56
SKU00744,Womenswear,FabMuse,963.93,0.566
SKU00745,Accessories,ShadesUp,411.29,0.54
SKU00746,Menswear,NorthBay,2473.05,0.536
SKU00747,Footwear,Comfi,4042.94,0.565
SKU00748,Womenswear,Aurelia,2051.6,0.538
SKU00749,Menswear,Gridline,1112.95,0.462
SKU00750,Accessories,ShadesUp,1461.44,0.632
SKU00751,Beauty,Glowly,221.75,0.462
SKU00752,Footwear,FleetStep,1993.2,0.56
SKU00753,Menswear,RoyalOak,2456.54,0.482
SKU00754,Womenswear,Zivora,2089.71,0.532
SKU00755,Footwear,FleetStep,3460.47,0.637
SKU00756,Accessories,Knot&Key,355.12,0.502
SKU00757,Accessories,ShadesUp,1854.22,0.486
SKU00758,Accessories,Knot&Key,729.74,0.593
SKU00759,Menswear,UrbanAce,1548.87,0.523
SKU00760,Menswear,NorthBay,2648.37,0.499
SKU00761,Beauty,Herbalix,1428.43,0.619
SKU00762,Menswear,RoyalOak,2617.45,0.578
SKU00763,Womenswear,FabMuse,1020.54,0.681
SKU00764,Accessories,Timely,670.12,0.454
SKU00765,Womenswear,Aurelia,1573.46,0.491
SKU00766,Accessories,Timely,523.07,0.519
SKU00767,Womenswear,FabMuse,2346.33,0.528
SKU00768,Accessories,Timely,705.86,0.569
SKU00769,Beauty,Herbalix,1134.2,0.457
SKU00770,Menswear,NorthBay,1099.67,0.667
SKU00771,Womenswear,Aurelia,827.75,0.503
SKU00772,Menswear,NorthBay,1396.27,0.697
SKU00773,Menswear,NorthBay,1527.79,0.545
SKU00774,Womenswear,Aurelia,1478.03,0.484
SKU00775,Womenswear,Aurelia,918.12,0.574
SKU00776,Accessories,Timely,912.37,0.575
SKU00777,Womenswear,Aurelia,1708.16,0.649
SKU00778,Footwear,FleetStep,1869.79,0.607
SKU00779,Womenswear,VelvetSky,2284.01,0.577
SKU00780,Womenswear,Zivora,1125.99,0.622
SKU00781,Beauty,TintUp,748.49,0.63
SKU00782,Menswear,Gridline,2961.74,0.56
SKU00783,Womenswear,Zivora,1505.57,0.572
SKU00784,Womenswear,Aurelia,2348.94,0.523
SKU00785,Beauty,Herbalix,449.01,0.566
SKU00786,Womenswear,Aurelia,2212.93,0.675
SKU00787,Menswear,RoyalOak,2207.2,0.491
SKU00788,Menswear,UrbanAce,2857.46,0.664
SKU00789,Menswear,RoyalOak,1128.91,0.511
SKU00790,Accessories,NovaBag,469.78,0.456
SKU00791,Menswear,RoyalOak,2437.49,0.52
SKU00792,Menswear,NorthBay,1667.84,0.517
SKU00793,Beauty,PureSkin,1000.18,0.461
SKU00794,Footwear,FleetStep,1468.09,0.485
SKU00795,Footwear,Comfi,4176.16,0.656
SKU00796,Accessories,Knot&Key,1898.49,0.592
SKU00797,Menswear,Gridline,2253.82,0.486
SKU00798,Womenswear,Zivora,823.43,0.676
SKU00799,Accessories,NovaBag,1599.75,0.487
SKU00800,Footwear,TrailRun,3126.22,0.641
SKU00801,Footwear,TrailRun,3861.38,0.564
SKU00802,Accessories,Knot&Key,742.15,0.45
SKU00803,Beauty,TintUp,1135.0,0.475
SKU00804,Footwear,TrailRun,1337.24,0.641
SKU00805,Accessories,Timely,1025.82,0.625
SKU00806,Accessories,Timely,1105.73,0.54
SKU00807,Footwear,FleetStep,2650.66,0.658
SKU00808,Menswear,UrbanAce,2423.73,0.582
SKU00809,Footwear,FleetStep,2066.85,0.527
SKU00810,Womenswear,VelvetSky,2290.43,0.532
SKU00811,Menswear,RoyalOak,1860.31,0.455
SKU00812,Menswear,NorthBay,2416.81,0.566
SKU00813,Accessories,Timely,841.68,0.482
SKU00814,Womenswear,VelvetSky,1197.43,0.53
SKU00815,Womenswear,Aurelia,1257.56,0.618
SKU00816,Womenswear,Zivora,986.13,0.632
SKU00817,Womenswear,FabMuse,1282.95,0.455
SKU00818,Womenswear,VelvetSky,1987.95,0.695
SKU00819,Accessories,ShadesUp,1127.54,0.687
SKU00820,Footwear,Comfi,2767.74,0.636
SKU00821,Beauty,TintUp,683.0,0.514
SKU00822,Menswear,UrbanAce,2088.69,0.52
SKU00823,Menswear,Gridline,2005.72,0.53
SKU00824,Footwear,Stride,2362.31,0.54
SKU00825,Womenswear,FabMuse,1046.57,0.623
SKU00826,Womenswear,Zivora,2364.07,0.674
SKU00827,Footwear,FleetStep,1903.95,0.463
SKU00828,Menswear,UrbanAce,1410.41,0.58
SKU00829,Footwear,FleetStep,3474.3,0.476
SKU00830,Footwear,FleetStep,2241.26,0.451
SKU00831,Footwear,TrailRun,3253.75,0.673
SKU00832,Beauty,Herbalix,418.96,0.497
SKU00833,Womenswear,Aurelia,945.43,0.55
SKU00834,Footwear,TrailRun,4466.62,0.58
SKU00835,Womenswear,Aurelia,2231.31,0.61
SKU00836,Menswear,UrbanAce,1849.78,0.605
SKU00837,Footwear,FleetStep,2968.29,0.502
SKU00838,Footwear,Stride,1297.0,0.691
SKU00839,Accessories,Timely,440.54,0.528
SKU00840,Accessories,Knot&Key,1260.53,0.453
SKU00841,Menswear,Gridline,1658.71,0.519
SKU00842,Beauty,Glowly,1119.08,0.54
SKU00843,Womenswear,FabMuse,937.51,0.463
SKU00844,Womenswear,FabMuse,1455.83,0.554
SKU00845,Accessories,NovaBag,1405.65,0.554
SKU00846,Womenswear,Aurelia,1503.02,0.453
SKU00847,Womenswear,FabMuse,2364.31,0.618
SKU00848,Womenswear,VelvetSky,2339.23,0.608
SKU00849,Footwear,Stride,2183.29,0.502
SKU00850,Womenswear,Zivora,1787.47,0.623
SKU00851,Footwear,TrailRun,2949.38,0.591
SKU00852,Womenswear,Zivora,2035.36,0.662
SKU00853,Menswear,RoyalOak,2335.84,0.465
SKU00854,Beauty,TintUp,469.76,0.501
SKU00855,Womenswear,FabMuse,1137.57,0.576
SKU00856,Beauty,PureSkin,1148.17,0.547
SKU00857,Accessories,Timely,1797.78,0.644
SKU00858,Footwear,Stride,4058.59,0.513
SKU00859,Footwear,FleetStep,4389.85,0.588
SKU00860,Accessories,ShadesUp,1320.03,0.63
SKU00861,Womenswear,VelvetSky,1389.39,0.653
SKU00862,Womenswear,VelvetSky,1405.24,0.562
SKU00863,Accessories,NovaBag,498.01,0.482
SKU00864,Footwear,FleetStep,4395.53,0.573
SKU00865,Accessories,Knot&Key,997.39,0.692
SKU00866,Womenswear,VelvetSky,1498.26,0.696
SKU00867,Accessories,NovaBag,1854.74,0.621
SKU00868,Womenswear,VelvetSky,2284.99,0.637
SKU00869,Womenswear,Zivora,1063.68,0.467
SKU00870,Beauty,TintUp,501.39,0.479
SKU00871,Menswear,NorthBay,1424.75,0.602
SKU00872,Womenswear,Zivora,1749.22,0.618
SKU00873,Womenswear,Aurelia,1550.51,0.64
SKU00874,Accessories,ShadesUp,1797.4,0.602
SKU00875,Menswear,NorthBay,1647.01,0.555
SKU00876,Footwear,Comfi,3227.88,0.465
SKU00877,Menswear,RoyalOak,2750.59,0.617
SKU00878,Menswear,Gridline,1501.67,0.624
SKU00879,Footwear,Stride,1410.26,0.595
SKU00880,Footwear,Stride,2819.47,0.655
SKU00881,Beauty,TintUp,246.24,0.475
SKU00882,Accessories,Knot&Key,818.69,0.613
SKU00883,Accessories,NovaBag,1476.89,0.625
SKU00884,Menswear,RoyalOak,2851.56,0.602
SKU00885,Womenswear,Aurelia,1563.67,0.517
SKU00886,Menswear,RoyalOak,1297.07,0.56
SKU00887,Menswear,NorthBay,1776.73,0.524
SKU00888,Footwear,Stride,3784.88,0.683
SKU00889,Menswear,UrbanAce,1624.82,0.483
SKU00890,Accessories,Knot&Key,742.75,0.638
SKU00891,Womenswear,Zivora,1979.02,0.468
SKU00892,Accessories,Timely,1118.9,0.54
SKU00893,Footwear,FleetStep,3607.89,0.565
SKU00894,Accessories,NovaBag,875.7,0.56
SKU00895,Womenswear,Aurelia,2255.95,0.523
SKU00896,Accessories,NovaBag,1276.62,0.454
SKU00897,Footwear,FleetStep,1781.61,0.49
SKU00898,Footwear,Stride,2545.68,0.647
SKU00899,Footwear,TrailRun,3376.1,0.552
SKU00900,Menswear,NorthBay,2132.43,0.494
SKU00901,Beauty,Glowly,569.74,0.648
SKU00902,Beauty,Herbalix,863.74,0.652
SKU00903,Womenswear,VelvetSky,1529.71,0.464
SKU00904,Menswear,Gridline,2156.65,0.685
SKU00905,Beauty,Glowly,610.99,0.567
SKU00906,Menswear,Gridline,1293.64,0.607
SKU00907,Menswear,UrbanAce,2578.35,0.529
SKU00908,Accessories,Timely,1163.76,0.584
SKU00909,Beauty,PureSkin,1454.5,0.504
SKU00910,Accessories,Timely,791.87,0.547
SKU00911,Menswear,NorthBay,1227.71,0.692
SKU00912,Beauty,Glowly,1287.69,0.527
SKU00913,Footwear,FleetStep,4259.22,0.455
SKU00914,Menswear,Gridline,2982.36,0.668
SKU00915,Accessories,Timely,604.41,0.689
SKU00916,Footwear,Stride,2149.12,0.495
SKU00917,Menswear,NorthBay,2510.19,0.686
SKU00918,Beauty,Herbalix,862.89,0.569
SKU00919,Accessories,Timely,305.22,0.555
SKU00920,Womenswear,FabMuse,2259.03,0.519
SKU00921,Accessories,NovaBag,639.96,0.523
SKU00922,Womenswear,VelvetSky,1941.96,0.493
SKU00923,Accessories,Knot&Key,1402.56,0.61
SKU00924,Menswear,UrbanAce,1232.74,0.592
SKU00925,Menswear,NorthBay,2604.13,0.592
SKU00926,Accessories,Timely,1642.96,0.677
SKU00927,Womenswear,Zivora,2191.98,0.689
SKU00928,Footwear,Stride,4046.35,0.676
SKU00929,Accessories,ShadesUp,402.16,0.587
SKU00930,Menswear,Gridline,1641.51,0.63
SKU00931,Menswear,UrbanAce,1535.74,0.458
SKU00932,Beauty,PureSkin,724.84,0.564
SKU00933,Accessories,ShadesUp,1712.12,0.538
SKU00934,Menswear,Gridline,1111.68,0.492
SKU00935,Footwear,TrailRun,1843.72,0.637
SKU00936,Footwear,Stride,3450.59,0.633
SKU00937,Footwear,Comfi,1994.01,0.561
SKU00938,Accessories,Timely,751.24,0.576
SKU00939,Womenswear,Aurelia,2384.5,0.572
SKU00940,Beauty,Glowly,1353.19,0.564
SKU00941,Footwear,FleetStep,2819.81,0.483
SKU00942,Footwear,TrailRun,4234.73,0.455
SKU00943,Beauty,Glowly,922.72,0.635
SKU00944,Menswear,RoyalOak,1865.13,0.581
SKU00945,Menswear,NorthBay,1089.96,0.539
SKU00946,Footwear,FleetStep,1963.0,0.7
SKU00947,Beauty,Herbalix,1344.93,0.554
SKU00948,Accessories,ShadesUp,1638.05,0.532
SKU00949,Womenswear,Zivora,1771.23,0.553
SKU00950,Menswear,RoyalOak,1904.27,0.589
SKU00951,Footwear,TrailRun,4032.99,0.482
SKU00952,Beauty,Glowly,1012.93,0.673
SKU00953,Footwear,Stride,1362.86,0.518
SKU00954,Accessories,ShadesUp,1552.01,0.666
SKU00955,Menswear,Gridline,1008.13,0.51
SKU00956,Menswear,RoyalOak,2595.25,0.613
SKU00957,Menswear,RoyalOak,1389.61,0.507
SKU00958,Beauty,PureSkin,345.97,0.639
SKU00959,Accessories,Knot&Key,1601.47,0.687
SKU00960,Menswear,NorthBay,1072.75,0.56
SKU00961,Accessories,Knot&Key,753.26,0.487
SKU00962,Footwear,TrailRun,1038.66,0.56
SKU00963,Footwear,FleetStep,4006.64,0.556
SKU00964,Womenswear,Zivora,2098.89,0.624
SKU00965,Womenswear,Zivora,1536.88,0.521
SKU00966,Womenswear,FabMuse,1615.18,0.658
SKU00967,Beauty,PureSkin,1135.49,0.561
SKU00968,Womenswear,Aurelia,2187.9,0.462
SKU00969,Menswear,RoyalOak,1572.5,0.558
SKU00970,Beauty,Herbalix,264.59,0.476
SKU00971,Beauty,Glowly,1431.95,0.661
SKU00972,Accessories,Knot&Key,1298.06,0.613
SKU00973,Menswear,NorthBay,1169.98,0.46
SKU00974,Beauty,PureSkin,773.4,0.643
SKU00975,Menswear,RoyalOak,2976.63,0.687
SKU00976,Womenswear,Zivora,1832.08,0.615
SKU00977,Womenswear,VelvetSky,1773.94,0.538
SKU00978,Womenswear,FabMuse,2366.38,0.657
SKU00979,Menswear,UrbanAce,1461.33,0.685
SKU00980,Menswear,UrbanAce,1239.56,0.494
SKU00981,Accessories,ShadesUp,1218.04,0.57
SKU00982,Menswear,UrbanAce,1979.81,0.525
SKU00983,Menswear,UrbanAce,1064.27,0.472
SKU00984,Menswear,RoyalOak,2665.81,0.674
SKU00985,Womenswear,Aurelia,1519.47,0.52
SKU00986,Womenswear,FabMuse,1017.59,0.488
SKU00987,Menswear,NorthBay,1354.31,0.599
SKU00988,Menswear,Gridline,1982.88,0.525
SKU00989,Womenswear,VelvetSky,2013.0,0.567
SKU00990,Menswear,UrbanAce,1014.73,0.496
SKU00991,Menswear,Gridline,2782.17,0.482
SKU00992,Footwear,Comfi,4343.74,0.64
SKU00993,Womenswear,Zivora,996.67,0.668
SKU00994,Beauty,TintUp,1298.22,0.603
SKU00995,Womenswear,VelvetSky,1433.86,0.534
SKU00996,Accessories,Timely,1487.02,0.485
SKU00997,Footwear,Stride,1482.86,0.551
SKU00998,Footwear,Stride,4092.17,0.623
SKU00999,Womenswear,VelvetSky,2262.89,0.617
SKU01000,Footwear,FleetStep,3772.37,0.513
SKU01001,Beauty,Glowly,345.72,0.602
SKU01002,Accessories,Knot&Key,850.83,0.614
SKU01003,Beauty,Herbalix,1031.63,0.515
SKU01004,Womenswear,FabMuse,2220.09,0.499
SKU01005,Accessories,NovaBag,1303.56,0.492
SKU01006,Womenswear,VelvetSky,1204.33,0.575
SKU01007,Accessories,NovaBag,1162.43,0.653
SKU01008,Accessories,ShadesUp,966.4,0.658
SKU01009,Menswear,RoyalOak,1670.06,0.452
SKU01010,Womenswear,FabMuse,2384.31,0.63
SKU01011,Footwear,TrailRun,2460.07,0.469
SKU01012,Womenswear,FabMuse,880.33,0.544
SKU01013,Womenswear,Aurelia,1276.83,0.53
SKU01014,Footwear,Comfi,3819.11,0.672
SKU01015,Accessories,Timely,1564.51,0.56
SKU01016,Beauty,Glowly,683.74,0.486
SKU01017,Menswear,UrbanAce,1925.07,0.617
SKU01018,Womenswear,Aurelia,976.7,0.462
SKU01019,Menswear,UrbanAce,2346.2,0.598
SKU01020,Womenswear,Zivora,2312.8,0.478
SKU01021,Accessories,NovaBag,1621.39,0.539
SKU01022,Menswear,RoyalOak,2654.14,0.531
SKU01023,Beauty,Herbalix,294.63,0.463
SKU01024,Beauty,PureSkin,552.97,0.492
SKU01025,Footwear,Comfi,4082.87,0.684
SKU01026,Footwear,TrailRun,1925.27,0.458
SKU01027,Footwear,Comfi,2938.63,0.66
SKU01028,Womenswear,Aurelia,1542.19,0.624
SKU01029,Womenswear,Zivora,2474.39,0.676
SKU01030,Womenswear,VelvetSky,1515.64,0.69
SKU01031,Menswear,NorthBay,2230.08,0.47
SKU01032,Footwear,Stride,4463.08,0.462
SKU01033,Womenswear,Aurelia,1925.03,0.512
SKU01034,Accessories,Timely,323.71,0.594
SKU01035,Beauty,Glowly,332.83,0.63
SKU01036,Footwear,Stride,4232.1,0.608
SKU01037,Accessories,NovaBag,1793.65,0.686
SKU01038,Menswear,Gridline,1949.63,0.689
SKU01039,Footwear,TrailRun,4277.99,0.516
SKU01040,Womenswear,VelvetSky,1570.58,0.512
SKU01041,Footwear,TrailRun,1196.8,0.507
SKU01042,Footwear,Comfi,1245.29,0.585
SKU01043,Accessories,Timely,870.11,0.474
SKU01044,Womenswear,Aurelia,2182.15,0.676
SKU01045,Accessories,Timely,413.31,0.655
SKU01046,Footwear,TrailRun,4193.76,0.513
SKU01047,Accessories,ShadesUp,692.29,0.499
SKU01048,Womenswear,VelvetSky,823.68,0.558
SKU01049,Beauty,Glowly,1358.7,0.584
SKU01050,Footwear,FleetStep,2359.21,0.473
SKU01051,Footwear,TrailRun,1734.17,0.55
SKU01052,Womenswear,Zivora,1266.9,0.696
SKU01053,Menswear,UrbanAce,2110.74,0.461
SKU01054,Beauty,TintUp,1068.94,0.633
SKU01055,Menswear,Gridline,1413.08,0.553
SKU01056,Footwear,Comfi,2105.02,0.476
SKU01057,Footwear,Comfi,3691.38,0.516
SKU01058,Womenswear,FabMuse,1396.34,0.612
SKU01059,Womenswear,Zivora,1447.39,0.52
SKU01060,Beauty,PureSkin,1386.89,0.67
SKU01061,Beauty,PureSkin,808.0,0.6
SKU01062,Womenswear,Zivora,1969.16,0.515
SKU01063,Womenswear,Aurelia,1676.62,0.627
SKU01064,Womenswear,Zivora,2080.43,0.66
SKU01065,Menswear,RoyalOak,2274.03,0.479
SKU01066,Menswear,RoyalOak,1513.02,0.536
SKU01067,Beauty,TintUp,1100.56,0.46
SKU01068,Accessories,Knot&Key,981.62,0.651
SKU01069,Menswear,RoyalOak,1944.53,0.508
SKU01070,Menswear,UrbanAce,2529.77,0.545
SKU01071,Accessories,NovaBag,1752.69,0.693
SKU01072,Beauty,TintUp,1246.53,0.518
SKU01073,Menswear,RoyalOak,1166.35,0.65
SKU01074,Menswear,NorthBay,2248.82,0.558
SKU01075,Menswear,UrbanAce,930.2,0.593
SKU01076,Menswear,NorthBay,1044.27,0.633
SKU01077,Footwear,FleetStep,1495.46,0.621
SKU01078,Footwear,Stride,1802.96,0.508
SKU01079,Footwear,FleetStep,1289.64,0.596
SKU01080,Accessories,Timely,1847.09,0.557
SKU01081,Womenswear,Aurelia,2108.7,0.552
SKU01082,Menswear,Gridline,2635.29,0.62
SKU01083,Beauty,TintUp,1326.56,0.508
SKU01084,Accessories,Timely,526.02,0.604
SKU01085,Accessories,ShadesUp,1395.26,0.688
SKU01086,Womenswear,FabMuse,1318.24,0.499
SKU01087,Beauty,TintUp,721.98,0.646
SKU01088,Beauty,Herbalix,224.35,0.651
SKU01089,Womenswear,Zivora,1130.15,0.61
SKU01090,Menswear,RoyalOak,1180.65,0.45
SKU01091,Womenswear,Aurelia,1289.98,0.541
SKU01092,Beauty,Glowly,1184.06,0.596
SKU01093,Accessories,Knot&Key,1891.81,0.616
SKU01094,Womenswear,VelvetSky,2408.63,0.682
SKU01095,Beauty,TintUp,582.64,0.633
SKU01096,Beauty,Herbalix,955.15,0.694
SKU01097,Accessories,ShadesUp,1653.81,0.474
SKU01098,Footwear,TrailRun,1171.03,0.615
SKU01099,Accessories,Timely,1303.48,0.649
SKU01100,Beauty,TintUp,333.39,0.495
SKU01101,Womenswear,VelvetSky,2148.01,0.654
SKU01102,Womenswear,FabMuse,1827.16,0.574
SKU01103,Womenswear,Zivora,1684.11,0.457
SKU01104,Menswear,UrbanAce,2417.15,0.676
SKU01105,Footwear,Comfi,3425.23,0.643
SKU01106,Accessories,ShadesUp,333.48,0.578
SKU01107,Womenswear,Zivora,867.56,0.577
SKU01108,Menswear,NorthBay,2705.53,0.47
SKU01109,Womenswear,FabMuse,1640.47,0.466
SKU01110,Accessories,Knot&Key,487.69,0.557
SKU01111,Womenswear,Aurelia,2134.87,0.646
SKU01112,Accessories,Knot&Key,1794.68,0.633
SKU01113,Beauty,Herbalix,911.92,0.499
SKU01114,Menswear,Gridline,1886.99,0.54
SKU01115,Womenswear,Zivora,1678.11,0.478
SKU01116,Womenswear,VelvetSky,1970.71,0.519
SKU01117,Footwear,TrailRun,1596.37,0.514
SKU01118,Menswear,RoyalOak,1511.12,0.692
SKU01119,Accessories,ShadesUp,1063.85,0.689
SKU01120,Menswear,NorthBay,2676.2,0.556
SKU01121,Womenswear,VelvetSky,1444.93,0.483
SKU01122,Womenswear,VelvetSky,1339.92,0.608
SKU01123,Beauty,Herbalix,600.22,0.483
SKU01124,Womenswear,FabMuse,877.64,0.533
SKU01125,Accessories,Knot&Key,1410.84,0.495
SKU01126,Accessories,Timely,772.39,0.609
SKU01127,Accessories,NovaBag,948.37,0.532
SKU01128,Beauty,PureSkin,330.42,0.527
SKU01129,Footwear,TrailRun,1985.78,0.668
SKU01130,Accessories,Timely,965.3,0.478
SKU01131,Menswear,RoyalOak,2507.1,0.495
SKU01132,Accessories,Knot&Key,787.84,0.557
SKU01133,Womenswear,Zivora,1336.38,0.488
SKU01134,Accessories,NovaBag,1867.98,0.563
SKU01135,Accessories,ShadesUp,1868.61,0.662
SKU01136,Menswear,NorthBay,2287.86,0.582
SKU01137,Menswear,UrbanAce,2809.07,0.585
SKU01138,Menswear,UrbanAce,2906.33,0.482
SKU01139,Accessories,Knot&Key,934.21,0.474
SKU01140,Beauty,Glowly,930.92,0.539
SKU01141,Menswear,Gridline,1257.11,0.571
SKU01142,Footwear,FleetStep,1706.29,0.494
SKU01143,Womenswear,Aurelia,2262.81,0.465
SKU01144,Menswear,Gridline,1121.42,0.644
SKU01145,Accessories,ShadesUp,983.91,0.635
SKU01146,Footwear,Stride,2408.49,0.638
SKU01147,Accessories,Knot&Key,723.77,0.669
SKU01148,Menswear,UrbanAce,2099.44,0.64
SKU01149,Footwear,FleetStep,1629.0,0.455
SKU01150,Footwear,Stride,2505.73,0.674
SKU01151,Footwear,Stride,3800.27,0.601
SKU01152,Accessories,NovaBag,1142.88,0.682
SKU01153,Footwear,FleetStep,2443.65,0.543
SKU01154,Menswear,RoyalOak,1728.08,0.452
SKU01155,Beauty,PureSkin,526.89,0.653
SKU01156,Beauty,Herbalix,848.62,0.598
SKU01157,Womenswear,FabMuse,1043.52,0.534
SKU01158,Footwear,Comfi,3120.71,0.648
SKU01159,Womenswear,VelvetSky,1681.19,0.593
SKU01160,Beauty,Herbalix,1376.77,0.666
SKU01161,Footwear,TrailRun,2012.24,0.672
SKU01162,Accessories,NovaBag,1699.22,0.625
SKU01163,Accessories,Timely,664.07,0.521
SKU01164,Womenswear,VelvetSky,2169.88,0.562
SKU01165,Womenswear,Zivora,1803.28,0.579
SKU01166,Footwear,Comfi,4259.48,0.499
SKU01167,Accessories,Knot&Key,855.86,0.573
SKU01168,Womenswear,Zivora,2169.22,0.457
SKU01169,Menswear,UrbanAce,1433.91,0.687
SKU01170,Womenswear,Aurelia,987.81,0.53
SKU01171,Womenswear,Zivora,1761.95,0.617
SKU01172,Beauty,Glowly,229.09,0.575
SKU01173,Menswear,NorthBay,2502.59,0.622
SKU01174,Accessories,Timely,1432.24,0.472
SKU01175,Womenswear,VelvetSky,1911.86,0.536
SKU01176,Womenswear,Aurelia,1311.53,0.546
SKU01177,Footwear,Comfi,2436.45,0.686
SKU01178,Womenswear,FabMuse,1296.15,0.59
SKU01179,Womenswear,Aurelia,831.37,0.461
SKU01180,Beauty,Herbalix,1491.93,0.555
SKU01181,Footwear,FleetStep,3858.86,0.453
SKU01182,Accessories,ShadesUp,1382.57,0.506
SKU01183,Womenswear,FabMuse,2370.91,0.504
SKU01184,Footwear,FleetStep,2911.47,0.465
SKU01185,Menswear,RoyalOak,1471.18,0.452
SKU01186,Womenswear,Zivora,887.2,0.535
SKU01187,Womenswear,Aurelia,1830.42,0.697
SKU01188,Accessories,Knot&Key,1711.17,0.694
SKU01189,Footwear,Stride,1132.71,0.489
SKU01190,Footwear,TrailRun,2248.15,0.632
SKU01191,Womenswear,Aurelia,1835.06,0.528
SKU01192,Menswear,RoyalOak,1559.21,0.656
SKU01193,Beauty,Herbalix,933.26,0.535
SKU01194,Menswear,NorthBay,1348.94,0.61
SKU01195,Footwear,Stride,3070.7,0.467
SKU01196,Womenswear,Zivora,1832.11,0.611
SKU01197,Accessories,Knot&Key,1382.66,0.453
SKU01198,Accessories,Timely,1078.72,0.62
SKU01199,Footwear,Comfi,1577.8,0.683
